YEAR,ANNUAL_REVENUE,ANNUAL_PROFIT,ANNUAL_PROFIT_MARGIN
2015,581446.0049998823,171127.3354611102,0.2943133738809416
2016,1049612.8705511594,320765.9657240021,0.30560407053275324
2017,1451557.624638324,525337.2724806265,0.36191279186144726
2018,2114484.913276756,711215.8048145234,0.33635416377238314
2019,2791129.121949389,1096964.5333927057,0.3930181963873317
2020,3014942.444250711,1041249.8002737554,0.34536307724857157
